file	code	lang	family	country	Total	Books
aai-aai.txt	aai	Miniafia Oyan	Austronesian	Papua New Guinea	7957	27
aak-aak.txt	aak	Ankave	Trans-New Guinea	Papua New Guinea	7957	27
aau-aau.txt	aau	Abau	Sepik	Papua New Guinea	7946	27
aaz-aaz.txt	aaz	Amarasi	Austronesian	Indonesia	9490	28
abt-abt-maprik.txt	abt	Ambulas	Sepik	Papua New Guinea	7957	27
abt-abt-wosera.txt	abt	Ambulas	Sepik	Papua New Guinea	7957	27
abx-abx.txt	abx	Inabaknon	Austronesian	Philippines	7940	27
aby-aby.txt	aby	Aneme Wake	Trans-New Guinea	Papua New Guinea	7957	27
acf-acfNT.txt	acf	Lesser Antillean French Creole	Creole	Saint Lucia	7957	27
acr-acr-acc.txt	acr	Achi	Mayan	Guatemala	7956	27
acr-acrNNT.txt	acr	Achi	Mayan	Guatemala	7957	27
acr-acrTNT.txt	acr	Achi	Mayan	Guatemala	7957	27
acu-acuNT.txt	acu	Achuar-Shiwiar	Jivaroan	Ecuador	12006	31
adz-adz.txt	adz	Adzera	Austronesian	Papua New Guinea	3655	5
aer-aer.txt	aer	Arrernte, Eastern	Australian	Australia	10165	30
aey-aey.txt	aey	Amele	Trans-New Guinea	Papua New Guinea	9490	28
agd-agd.txt	agd	Agarabi	Trans-New Guinea	Papua New Guinea	7957	27
agg-agg.txt	agg	Angor	Senagi	Papua New Guinea	7957	27
agm-agm.txt	agm	Angaataha	Trans-New Guinea	Papua New Guinea	7956	27
agn-agn.txt	agn	Agutaynen	Austronesian	Philippines	7957	27
agr-agr.txt	agr	Awajún	Jivaroan	Peru	17061	57
agt-agt.txt	agt	Agta, Central Cagayan	Austronesian	Philippines	7957	27
agu-aguBl.txt	agu	Awakateko	Mayan	Guatemala	20062	53
aia-aia.txt	aia	Arosi	Austronesian	Solomon Islands	7957	27
aii-aii.txt	aii	Assyrian Neo-Aramaic	Afro-Asiatic	Iraq	10417	28
aka-aka.txt	aka	Akan	Niger-Congo	Ghana	31099	66
ake-akeNT.txt	ake	Akawaio	Cariban	Guyana	7951	27
alp-alpNT.txt	alp	Alune	Austronesian	Indonesia	7957	27
alq-alqALGNT.txt	alq	Algonquin	Algic	Canada	7957	27
als-alsSHQ.txt	als	Albanian, Tosk	Indo-European	Albania	31097	66
aly-aly.txt	aly	Alyawarr	Australian	Australia	8892	22
ame-ameNT.txt	ame	Yanesha’	Maipurean	Peru	7957	27
amf-amf.txt	amf	Hamer-Banna	Afro-Asiatic	Ethiopia	7957	27
amk-amk.txt	amk	Ambai	Austronesian	Indonesia	7957	27
amm-amm.txt	amm	Sawiyanu	Arai (Left May)	Papua New Guinea	7957	27
amn-amn-amanab.txt	amn	Amanab	Border	Papua New Guinea	7957	27
amn-amn-n.txt	amn	Amanab	Border	Papua New Guinea	7956	27
amo-amo.txt	amo	Amo	Niger-Congo	Nigeria	7953	27
amp-amp.txt	amp	Alamblak	Sepik	Papua New Guinea	7957	27
amr-amrNT.txt	amr	Amarakaeri	Harákmbut	Peru	7957	27
amu-amuNT.txt	amu	Amuzgo, Guerrero	Otomanguean	Mexico	7956	27
amx-amx.txt	amx	Anmatyerre	Australian	Australia	4225	11
anh-anh.txt	anh	Nend	Trans-New Guinea	Papua New Guinea	678	1
anv-anvNT.txt	anv	Denya	Niger-Congo	Cameroon	7956	27
aoi-aoi.txt	aoi	Anindilyakwa	Australian	Australia	3987	7
aoj-aoj-filifita.txt	aoj	Mufian	Torricelli	Papua New Guinea	7957	27
aoj-aoj.txt	aoj	Mufian	Torricelli	Papua New Guinea	7957	27
aom-aom.txt	aom	Ömie	Trans-New Guinea	Papua New Guinea	7957	27
aon-aon.txt	aon	Weri	Torricelli	Papua New Guinea	7957	27
apb-apb.txt	apb	Sa’a	Austronesian	Solomon Islands	7944	27
ape-apeB.txt	ape	Bukiyip	Torricelli	Papua New Guinea	7957	27
ape-apec.txt	ape	Bukiyip	Torricelli	Papua New Guinea	7956	27
apn-apnNT.txt	apn	Apinayé	Jean	Brazil	7955	27
apr-apr.txt	apr	Arop-Lokep	Austronesian	Papua New Guinea	7957	27
apu-apuNT.txt	apu	Apurinã	Maipurean	Brazil	7956	27
apw-apwNT.txt	apw	Apache, Western	Eyak-Athabaskan	United States	7955	27
apz-apz.txt	apz	Safeyoka	Trans-New Guinea	Papua New Guinea	7957	27
arb-arb-vd.txt	arb	Arabic, Standard	Afro-Asiatic	Saudi Arabia	31098	66
arb-arbnav.txt	arb	Arabic, Standard	Afro-Asiatic	Saudi Arabia	31096	66
are-are.txt	are	Arrarnta, Western	Australian	Australia	7956	27
arl-arlNT.txt	arl	Arabela	Zaparoan	Peru	7957	27
arn-arnNT.txt	arn	Mapudungun	Mapudungu	Chile	7957	27
arp-arp.txt	arp	Arapaho	Algic	United States	1151	1
asm-asmfb.txt	asm	Assamese	Indo-European	India	31097	66
aso-aso.txt	aso	Dano	Trans-New Guinea	Papua New Guinea	7957	27
ata-ata.txt	ata	Pele-Ata	Yele-West New Britain	Papua New Guinea	9535	29
atb-atbNT.txt	atb	Zaiwa	Sino-Tibetan	China	7957	27
atd-atdNT.txt	atd	Manobo, Ata	Austronesian	Philippines	7954	27
atg-atgNT.txt	atg	Ivbie North-Okpela-Arhe	Niger-Congo	Nigeria	7957	27
att-att.txt	att	Atta, Pamplona	Austronesian	Philippines	7957	27
auc-aucNT.txt	auc	Waorani	Language isolate	Ecuador	7956	27
aui-aui.txt	aui	Anuki	Austronesian	Papua New Guinea	4168	30
auy-auy.txt	auy	Awiyaana	Trans-New Guinea	Papua New Guinea	7957	27
avt-avt.txt	avt	Au	Torricelli	Papua New Guinea	7957	27
awb-awb.txt	awb	Awa	Trans-New Guinea	Papua New Guinea	7957	27
awk-awk.txt	awk	Awabakal	Australian	Australia	1136	1
awx-awx.txt	awx	Awara	Trans-New Guinea	Papua New Guinea	1666	3
azb-azb.txt	azb	Azerbaijani, South	Turkic	Iran, Islamic Republic of	31084	66
azg-azgNT.txt	azg	Amuzgo, San Pedro Amuzgos	Otomanguean	Mexico	7956	27
azz-azzNT.txt	azz	Nahuatl, Highland Puebla	Uto-Aztecan	Mexico	7956	27
bao-baoNT.txt	bao	Waimaha	Tucanoan	Colombia	7957	27
bba-bba.txt	bba	Baatonum	Niger-Congo	Benin	31169	66
bbb-bbb.txt	bbb	Barai	Trans-New Guinea	Papua New Guinea	13139	33
bbr-bbr.txt	bbr	Girawa	Trans-New Guinea	Papua New Guinea	7957	27
bch-bch.txt	bch	Bariai	Austronesian	Papua New Guinea	10703	29
bco-bco.txt	bco	Kaluli	Trans-New Guinea	Papua New Guinea	1650	11
bdd-bdd.txt	bdd	Bunama	Austronesian	Papua New Guinea	7957	27
bea-bea.txt	bea	Beaver	Eyak-Athabaskan	Canada	678	1
bef-bef.txt	bef	Benabena	Trans-New Guinea	Papua New Guinea	7957	27
bel-bel.txt	bel	Belarusian	Indo-European	Belarus	31160	66
bel-beln.txt	bel	Belarusian	Indo-European	Belarus	13085	31
ben-ben2017.txt	ben	Bengali	Indo-European	Bangladesh	31099	66
beo-beo.txt	beo	Bedamuni	Trans-New Guinea	Papua New Guinea	31100	66
beu-beu.txt	beu	Blagar	Trans-New Guinea	Indonesia	3217	3
bgs-bgs.txt	bgs	Tagabawa	Austronesian	Philippines	10073	30
bgt-bgt.txt	bgt	Bughotu	Austronesian	Solomon Islands	7957	27
bhg-bhg.txt	bhg	Binandere	Trans-New Guinea	Papua New Guinea	5573	14
bhl-bhl.txt	bhl	Bimin	Trans-New Guinea	Papua New Guinea	9819	31
big-big.txt	big	Biangai	Trans-New Guinea	Papua New Guinea	7957	27
bjk-bjk.txt	bjk	Barok	Austronesian	Papua New Guinea	7950	27
bjp-bjp.txt	bjp	Fanamaket	Austronesian	Papua New Guinea	7957	27
bjr-bjr.txt	bjr	Binumarien	Trans-New Guinea	Papua New Guinea	14239	32
bjv-bjvNT.txt	bjv	Bedjond	Nilo-Saharan	Chad	7957	27
bjz-bjz.txt	bjz	Baruga	Trans-New Guinea	Papua New Guinea	7957	27
bkd-bkd.txt	bkd	Binukid	Austronesian	Philippines	7957	27
bki-bki.txt	bki	Baki	Austronesian	Vanuatu	7957	27
bkq-bkqNT.txt	bkq	Bakairí	Cariban	Brazil	7957	27
bkx-bkx.txt	bkx	Baikeno	Austronesian	Timor-Leste	678	1
bla-bla.txt	bla	Blackfoot	Algic	Canada	1071	1
blw-blw.txt	blw	Balangao	Austronesian	Philippines	7953	27
blz-blzNT.txt	blz	Balantak	Austronesian	Indonesia	7957	27
bmh-bmh.txt	bmh	Kein	Trans-New Guinea	Papua New Guinea	7957	27
bmk-bmk.txt	bmk	Ghayavi	Austronesian	Papua New Guinea	678	1
bmr-bmrNT.txt	bmr	Muinane	Witotoan	Colombia	7957	27
bmu-bmu.txt	bmu	Somba-Siawari	Trans-New Guinea	Papua New Guinea	9623	30
bnp-bnp.txt	bnp	Bola	Austronesian	Papua New Guinea	14600	35
boa-boaNT.txt	boa	Bora	Witotoan	Peru	7957	27
boj-boj.txt	boj	Anjam	Trans-New Guinea	Papua New Guinea	7957	27
boj-boj2014.txt	boj	Anjam	Trans-New Guinea	Papua New Guinea	7957	27
bon-bon.txt	bon	Bine	Eastern Trans-Fly	Papua New Guinea	7957	27
box-boxNT.txt	box	Buamu	Niger-Congo	Burkina Faso	7957	27
bpr-bpr.txt	bpr	Blaan, Koronadal	Austronesian	Philippines	7956	27
bps-bps.txt	bps	Blaan, Sarangani	Austronesian	Philippines	11584	33
bqc-bqcsim.txt	bqc	Boko	Niger-Congo	Benin	31169	66
bqp-bqp.txt	bqp	Bisã	Niger-Congo	Nigeria	25750	65
bre-breBRG.txt	bre	Breton	Indo-European	France	3779	4
bsj-bsj.txt	bsj	Bangwinji	Niger-Congo	Nigeria	7836	26
bsn-bsnNT.txt	bsn	Barasana-Eduria	Tucanoan	Colombia	7957	27
bsp-bsp.txt	bsp	Baga Sitemu	Niger-Congo	Guinea	4540	6
bss-bssNT.txt	bss	Akoose	Niger-Congo	Cameroon	7941	27
buk-buk.txt	buk	Bugawac	Austronesian	Papua New Guinea	7957	27
bus-bus.txt	bus	Bokobaru	Niger-Congo	Nigeria	19427	49
bvd-bvd.txt	bvd	Baeggu	Austronesian	Solomon Islands	7957	27
bvr-bvr.txt	bvr	Burarra	Australian	Australia	7957	27
bxh-bxh.txt	bxh	Buhutu	Austronesian	Papua New Guinea	4280	31
byr-byr-w.txt	byr	Yipma	Trans-New Guinea	Papua New Guinea	136	4
byr-byr.txt	byr	Yipma	Trans-New Guinea	Papua New Guinea	9490	28
byx-byx.txt	byx	Qaqet	East New Britain	Papua New Guinea	8042	28
bzd-bzdNTpo.txt	bzd	Bribri	Chibchan	Costa Rica	10077	30
bzh-bzh.txt	bzh	Buang, Mapos	Austronesian	Papua New Guinea	7957	27
bzj-bzj.txt	bzj	Belize English Creole	Creole	Belize	7957	27
caa-caa.txt	caa	Ch’orti’	Mayan	Guatemala	12209	34
cab-cabNT.txt	cab	Garifuna	Maipurean	Honduras	7957	27
cac-cac.txt	cac	Chuj	Mayan	Guatemala	31099	66
caf-cafNT.txt	caf	Carrier, Southern	Eyak-Athabaskan	Canada	7957	27
cak-cak.txt	cak	Kaqchikel	Mayan	Guatemala	7957	27
cak-cakCNT.txt	cak	Kaqchikel	Mayan	Guatemala	7957	27
cak-cakENT.txt	cak	Kaqchikel	Mayan	Guatemala	7957	27
cak-cakNT.txt	cak	Kaqchikel	Mayan	Guatemala	7957	27
cak-cakSNT.txt	cak	Kaqchikel	Mayan	Guatemala	7956	27
cak-cakWNT.txt	cak	Kaqchikel	Mayan	Guatemala	7957	27
cak-cakYNT.txt	cak	Kaqchikel	Mayan	Guatemala	7957	27
cao-caoNT.txt	cao	Chácobo	Panoan	Bolivia, Plurinational State of	7957	27
cap-capNT.txt	cap	Chipaya	Chipaya-Uru	Bolivia, Plurinational State of	7957	27
car-carNT.txt	car	Carib	Cariban	Venezuela, Bolivarian Republic of	7942	27
cav-cavNT.txt	cav	Cavineña	Tacanan	Bolivia, Plurinational State of	7955	27
cax-caxNT.txt	cax	Chiquitano	Language isolate	Bolivia, Plurinational State of	7957	27
cbc-cbcNT.txt	cbc	Carapana	Tucanoan	Colombia	7957	27
cbi-cbiNTpo.txt	cbi	Chachi	Barbacoan	Ecuador	10689	29
cbk-cbk.txt	cbk	Chavacano	Creole	Philippines	7957	27
cbr-cbrNT.txt	cbr	Kakataibo-Kashibo	Panoan	Peru	9490	28
cbs-cbsNT.txt	cbs	Kashinawa	Panoan	Peru	7957	27
cbt-cbtNTpo.txt	cbt	Shawi	Cahuapanan	Peru	9490	28
cbu-cbuNT.txt	cbu	Kandozi-Chapra	Language isolate	Peru	16231	52
cbv-cbv.txt	cbv	Cacua	Puinavean	Colombia	7957	27
cco-ccoNT.txt	cco	Chinantec, Comaltepec	Otomanguean	Mexico	7957	27
ceb-cebulb.txt	ceb	Cebuano	Austronesian	Philippines	31098	66
cek-cekak.txt	cek	Chin, Eastern Khumi	Sino-Tibetan	Myanmar	31098	66
ces-ces1613.txt	ces	Czech	Indo-European	Czechia	30862	66
ces-cesnkb.txt	ces	Czech	Indo-European	Czechia	7955	27
cgc-cgc.txt	cgc	Kagayanen	Austronesian	Philippines	7957	27
cha-cha.txt	cha	Chamorro	Austronesian	Guam	7244	6
chd-chdNT.txt	chd	Chontal, Highland Oaxaca	Tequistlatecan	Mexico	7957	27
chf-chfNT.txt	chf	Chontal, Tabasco	Mayan	Mexico	7956	27
chk-chk.txt	chk	Chuukese	Austronesian	Micronesia, Federated States of	31098	66
chq-chqNT.txt	chq	Chinantec, Quiotepec	Otomanguean	Mexico	7956	27
chz-chzNTps.txt	chz	Chinantec, Ozumacín	Otomanguean	Mexico	7956	27
cjo-cjoNT.txt	cjo	Ashéninka, Pajonal	Maipurean	Peru	7957	27
cjv-cjv.txt	cjv	Chuave	Trans-New Guinea	Papua New Guinea	7957	27
ckb-ckb.txt	ckb	Kurdish, Central	Indo-European	Iraq	31098	66
cle-cleNT.txt	cle	Chinantec, Lealao	Otomanguean	Mexico	7957	27
clu-clu.txt	clu	Caluyanun	Austronesian	Philippines	7957	27
cme-cmeNT.txt	cme	Cerma	Niger-Congo	Burkina Faso	7957	27
cmn-cmn-cu89s.txt	cmn	Chinese, Mandarin	Sino-Tibetan	China	31087	66
cmn-cmn-cu89t.txt	cmn	Chinese, Mandarin	Sino-Tibetan	China	31087	66
cmn-cmnfeb.txt	cmn	Chinese, Mandarin	Sino-Tibetan	China	7940	27
cni-cniNT.txt	cni	Asháninka	Maipurean	Peru	7957	27
cnl-cnlNT.txt	cnl	Chinantec, Lalana	Otomanguean	Mexico	7957	27
cnt-cntNT.txt	cnt	Chinantec, Tepetotutla	Otomanguean	Mexico	7947	27
cof-cofNT.txt	cof	Tsafiki	Barbacoan	Ecuador	7957	27
con-conNTpo.txt	con	Cofán	Language isolate	Ecuador	9490	28
cop-copbhc.txt	cop	Coptic	Afro-Asiatic	Egypt	7956	27
cop-copcnt.txt	cop	Coptic	Afro-Asiatic	Egypt	7955	27
cot-cotNT.txt	cot	Caquinte	Maipurean	Peru	7957	27
cpa-cpaNT.txt	cpa	Chinantec, Palantla	Otomanguean	Mexico	7956	27
cpb-cpbNT.txt	cpb	Ashéninka, Ucayali-Yurúa	Maipurean	Peru	7957	27
cpc-cpcNT.txt	cpc	Ajyíninka Apurucayali	Maipurean	Peru	7957	27
cpu-cpuNT.txt	cpu	Ashéninka, Pichis	Maipurean	Peru	7957	27
cpy-cpy.txt	cpy	Ashéninka, South Ucayali	Maipurean	Peru	10641	49
crn-crnNT.txt	crn	Cora, El Nayar	Uto-Aztecan	Mexico	7956	27
crx-crxNTpo.txt	crx	Carrier	Eyak-Athabaskan	Canada	9490	28
cso-csoNT.txt	cso	Chinantec, Sochiapam	Otomanguean	Mexico	7956	27
csy-csy.txt	csy	Chin, Siyin	Sino-Tibetan	Myanmar	7957	27
cta-ctaNT.txt	cta	Chatino, Tataltepec	Otomanguean	Mexico	7956	27
cth-cth.txt	cth	Chin, Thaiphum	Sino-Tibetan	Myanmar	31099	66
ctp-ctpNT.txt	ctp	Chatino, Western Highland	Otomanguean	Mexico	7956	27
ctu-ctu76.txt	ctu	Chol	Mayan	Mexico	7956	27
ctu-ctuBl.txt	ctu	Chol	Mayan	Mexico	7956	27
ctu-ctucti.txt	ctu	Chol	Mayan	Mexico	8381	28
cub-cubNT.txt	cub	Cubeo	Tucanoan	Colombia	7957	27
cuc-cucNT.txt	cuc	Chinantec, Usila	Otomanguean	Mexico	7956	27
cui-cui.txt	cui	Cuiba	Guajiboan	Colombia	7957	27
cuk-cuk.txt	cuk	Kuna, San Blas	Chibchan	Panama	31099	66
cuk-cuk09.txt	cuk	Kuna, San Blas	Chibchan	Panama	7956	27
cut-cutNT.txt	cut	Cuicatec, Teutila	Otomanguean	Mexico	7956	27
cux-cuxNT.txt	cux	Cuicatec, Tepeuxila	Otomanguean	Mexico	7956	27
cwe-cwe.txt	cwe	Kwere	Niger-Congo	Tanzania, United Republic of	13806	32
cya-cya.txt	cya	Chatino, Nopala	Otomanguean	Mexico	7956	27
daa-daaNT.txt	daa	Dangaléat	Afro-Asiatic	Chad	7957	27
dad-dad.txt	dad	Marik	Austronesian	Papua New Guinea	7940	27
dah-dah.txt	dah	Gwahatike	Trans-New Guinea	Papua New Guinea	7957	27
dan-dan1931.txt	dan	Danish	Indo-European	Denmark	31053	66
ded-ded.txt	ded	Dedua	Trans-New Guinea	Papua New Guinea	10417	28
deu-deu1912.txt	deu	German, Standard	Indo-European	Germany	31097	66
deu-deu1951.txt	deu	German, Standard	Indo-European	Germany	31096	66
deu-deuelo.txt	deu	German, Standard	Indo-European	Germany	31097	66
deu-deutkw.txt	deu	German, Standard	Indo-European	Germany	31153	66
dgc-dgc.txt	dgc	Agta, Casiguran Dumagat	Austronesian	Philippines	7952	27
dgr-dgrDOGNT.txt	dgr	Tlicho	Eyak-Athabaskan	Canada	9488	28
dgz-dgz.txt	dgz	Daga	Trans-New Guinea	Papua New Guinea	7957	27
dhg-dhg.txt	dhg	Dhangu-Djangu	Australian	Australia	685	2
dhg-dhgduwadha.txt	dhg	Dhangu-Djangu	Australian	Australia	678	1
dif-dif.txt	dif	Diyari	Australian	Australia	7957	27
dik-dikNT.txt	dik	Dinka, Southwestern	Nilo-Saharan	South Sudan	7957	27
dji-dji.txt	dji	Djinang	Australian	Australia	988	2
djk-djkNT.txt	djk	Aukan	Creole	Suriname	7957	27
djr-djr.txt	djr	Djambarrpuyngu	Australian	Australia	8122	28
dob-dob.txt	dob	Dobu	Austronesian	Papua New Guinea	7957	27
dop-dop.txt	dop	Lukpa	Niger-Congo	Benin	24205	66
dov-dov.txt	dov	Dombe	Niger-Congo	Zimbabwe	7954	27
dwr-dwrENT.txt	dwr	Dawro	Afro-Asiatic	Ethiopia	7956	27
dwr-dwrNT.txt	dwr	Dawro	Afro-Asiatic	Ethiopia	7956	27
dww-dww.txt	dww	Dawawa	Austronesian	Papua New Guinea	7957	27
dwy-dwy.txt	dwy	Dhuwaya	Australian	Australia	717	2
ebk-ebk.txt	ebk	Bontok, Eastern	Austronesian	Philippines	7957	27
eko-eko.txt	eko	Koti	Niger-Congo	Mozambique	6354	9
emi-emi.txt	emi	Mussau-Emira	Austronesian	Papua New Guinea	8090	29
emp-empNTpo.txt	emp	Emberá, Northern	Chocoan	Panama	13442	44
eng-eng-asv.txt	eng	English	Indo-European	United Kingdom	31081	66
eng-eng-Brenton.txt	eng	English	Indo-European	United Kingdom	26657	52
eng-eng-glw.txt	eng	English	Indo-European	United Kingdom	1012	4
eng-eng-kjv.txt	eng	English	Indo-European	United Kingdom	36694	81
eng-eng-kjv2006.txt	eng	English	Indo-European	United Kingdom	31097	66
eng-eng-lxx2012.txt	eng	English	Indo-European	United Kingdom	28145	54
eng-eng-rv.txt	eng	English	Indo-European	United Kingdom	36710	81
eng-eng-t4t.txt	eng	English	Indo-European	United Kingdom	31099	66
eng-eng-uk-lxx2012.txt	eng	English	Indo-European	United Kingdom	28145	54
eng-eng-web-c.txt	eng	English	Indo-European	United Kingdom	34761	73
eng-eng-web.txt	eng	English	Indo-European	United Kingdom	37395	81
eng-eng-webbe.txt	eng	English	Indo-European	United Kingdom	37395	81
eng-engaoi.txt	eng	English	Indo-European	United Kingdom	3108	6
eng-engasvbt.txt	eng	English	Indo-European	United Kingdom	37732	85
eng-engBBE.txt	eng	English	Indo-European	United Kingdom	31097	66
eng-engDBY.txt	eng	English	Indo-European	United Kingdom	31094	66
eng-engDRA.txt	eng	English	Indo-European	United Kingdom	23504	32
eng-engemtv.txt	eng	English	Indo-European	United Kingdom	7949	27
eng-engf35.txt	eng	English	Indo-European	United Kingdom	7948	27
eng-engfbv.txt	eng	English	Indo-European	United Kingdom	31082	66
eng-enggnv.txt	eng	English	Indo-European	United Kingdom	30807	66
eng-engjps.txt	eng	English	Indo-European	United Kingdom	23142	39
eng-engkjvcpb.txt	eng	English	Indo-European	United Kingdom	36702	81
eng-englee.txt	eng	English	Indo-European	United Kingdom	23140	39
eng-englsv.txt	eng	English	Indo-European	United Kingdom	31099	66
eng-englxxup.txt	eng	English	Indo-European	United Kingdom	26273	51
eng-engnna.txt	eng	English	Indo-European	United Kingdom	1543	26
eng-engnoy.txt	eng	English	Indo-European	United Kingdom	18209	49
eng-engoebcw.txt	eng	English	Indo-European	United Kingdom	11700	42
eng-engoebus.txt	eng	English	Indo-European	United Kingdom	11700	42
eng-engoke.txt	eng	English	Indo-European	United Kingdom	5817	5
eng-engourb.txt	eng	English	Indo-European	United Kingdom	15228	14
eng-engPEV.txt	eng	English	Indo-European	United Kingdom	6611	25
eng-engtcent.txt	eng	English	Indo-European	United Kingdom	7948	27
eng-engtnt.txt	eng	English	Indo-European	United Kingdom	7952	27
eng-engULB.txt	eng	English	Indo-European	United Kingdom	31083	66
eng-engwebp.txt	eng	English	Indo-European	United Kingdom	31090	66
eng-engwebpb.txt	eng	English	Indo-European	United Kingdom	31090	66
eng-engwebster.txt	eng	English	Indo-European	United Kingdom	31097	66
eng-engwmb.txt	eng	English	Indo-European	United Kingdom	31090	66
eng-engwmbb.txt	eng	English	Indo-European	United Kingdom	31090	66
eng-engwyc2017.txt	eng	English	Indo-European	United Kingdom	35796	80
eng-engwyc2018.txt	eng	English	Indo-European	United Kingdom	35796	80
eng-engWycliffe.txt	eng	English	Indo-European	United Kingdom	9623	9
eng-engylt.txt	eng	English	Indo-European	United Kingdom	31097	66
enq-enq.txt	enq	Enga	Trans-New Guinea	Papua New Guinea	7957	27
enq-enq2.txt	enq	Enga	Trans-New Guinea	Papua New Guinea	2127	3
epo-epo.txt	epo	Esperanto	Constructed language	Poland	31097	66
eri-eri.txt	eri	Ogea	Trans-New Guinea	Papua New Guinea	7957	27
ese-eseNT.txt	ese	Ese Ejja	Tacanan	Bolivia, Plurinational State of	7957	27
esk-eskNT.txt	esk	Inupiatun, Northwest Alaska	Eskimo-Aleut	United States	7957	27
etr-etr.txt	etr	Edolo	Trans-New Guinea	Papua New Guinea	4094	11
ewe-ewe.txt	ewe	Éwé	Niger-Congo	Ghana	31098	66
faa-faa.txt	faa	Fasu	Trans-New Guinea	Papua New Guinea	7957	27
fai-fai.txt	fai	Faiwol	Trans-New Guinea	Papua New Guinea	7957	27
far-far.txt	far	Fataleka	Austronesian	Solomon Islands	7957	27
ffm-ffm.txt	ffm	Fulfulde, Maasina	Niger-Congo	Mali	7957	27
for-for.txt	for	Fore	Trans-New Guinea	Papua New Guinea	7957	27
fra-fraLSG.txt	fra	French	Indo-European	France	31055	66
fra-francl.txt	fra	French	Indo-European	France	23151	32
fra-frasbl.txt	fra	French	Indo-European	France	37392	80
fra-fra_fob.txt	fra	French	Indo-European	France	31098	66
fue-fue.txt	fue	Fulfulde, Borgu	Niger-Congo	Benin	4669	21
fuf-fuf.txt	fuf	Pular	Niger-Congo	Guinea	7957	27
fuh-fuhbkf.txt	fuh	Fulfulde, Western Niger	Niger-Congo	Niger	7957	27
gah-gah.txt	gah	Alekano	Trans-New Guinea	Papua New Guinea	7957	27
gai-gai.txt	gai	Mbore	Ramu-Lower Sepik	Papua New Guinea	7957	27
gam-gam.txt	gam	Kandawo	Trans-New Guinea	Papua New Guinea	7957	27
gaw-gaw.txt	gaw	Nobonob	Trans-New Guinea	Papua New Guinea	7957	27
gdn-gdn.txt	gdn	Umanakaina	Trans-New Guinea	Papua New Guinea	7957	27
gdr-gdr.txt	gdr	Wipi	Eastern Trans-Fly	Papua New Guinea	7957	27
geb-geb.txt	geb	Kire	Ramu-Lower Sepik	Papua New Guinea	7957	27
gfk-gfk.txt	gfk	Patpatar	Austronesian	Papua New Guinea	10417	28
gfk-gfkh.txt	gfk	Patpatar	Austronesian	Papua New Guinea	7951	27
gfk-gfks.txt	gfk	Patpatar	Austronesian	Papua New Guinea	7951	27
ghs-ghs.txt	ghs	Guhu-Samane	Trans-New Guinea	Papua New Guinea	7957	27
glk-glk.txt	glk	Gilaki	Indo-European	Iran, Islamic Republic of	879	1
gmv-gmvNT.txt	gmv	Gamo	Afro-Asiatic	Ethiopia	7957	27
gmv-gmvRNT.txt	gmv	Gamo	Afro-Asiatic	Ethiopia	7956	27
gng-gngNT.txt	gng	Ngangam	Niger-Congo	Togo	7957	27
gnn-gnn.txt	gnn	Gumatj	Australian	Australia	7957	27
gnw-gnwNT.txt	gnw	Guaraní, Western Bolivian	Tupian	Bolivia, Plurinational State of	7957	27
gof-gofENT.txt	gof	Gofa	Afro-Asiatic	Ethiopia	7956	27
gof-gofRNT.txt	gof	Gofa	Afro-Asiatic	Ethiopia	7956	27
grc-grc-tisch.txt	grc	Greek, Ancient	Indo-European	Greece	7937	27
grc-grcbrent.txt	grc	Greek, Ancient	Indo-European	Greece	26248	51
grc-grcbyz.txt	grc	Greek, Ancient	Indo-European	Greece	7952	27
grc-grcf35.txt	grc	Greek, Ancient	Indo-European	Greece	7949	27
grc-grcmt.txt	grc	Greek, Ancient	Indo-European	Greece	7948	27
grc-grcsr.txt	grc	Greek, Ancient	Indo-European	Greece	7956	27
grc-grctcgnt.txt	grc	Greek, Ancient	Indo-European	Greece	7948	27
grc-grctr.txt	grc	Greek, Ancient	Indo-European	Greece	7955	27
gub-gubBl.txt	gub	Guajajára	Tupian	Brazil	31100	66
guh-guh.txt	guh	Guahibo	Guajiboan	Colombia	7956	27
gui-guiNT.txt	gui	Guaraní, Eastern Bolivian	Tupian	Bolivia, Plurinational State of	7957	27
guj-guj2017.txt	guj	Gujarati	Indo-European	India	31099	66
gul-gulNT.txt	gul	Sea Island English Creole	Creole	United States	7957	27
gum-gum.txt	gum	Misak	Paezan	Colombia	9490	28
gun-gun.txt	gun	Guaraní, Mbyá	Tupian	Brazil	31098	66
guo-guoNT.txt	guo	Guayabero	Guajiboan	Colombia	7957	27
gup-gup.txt	gup	Gunwinggu	Australian	Australia	14539	32
gux-gux.txt	gux	Gourmanchéma	Niger-Congo	Burkina Faso	7957	27
gux-guxg.txt	gux	Gourmanchéma	Niger-Congo	Burkina Faso	7951	27
gvc-gvc.txt	gvc	Wanano	Tucanoan	Brazil	7957	27
gvf-gvf.txt	gvf	Golin	Trans-New Guinea	Papua New Guinea	7957	27
gvn-gvn.txt	gvn	Kuku-Yalanji	Australian	Australia	10993	45
gvs-gvs.txt	gvs	Gumawana	Austronesian	Papua New Guinea	10836	31
gwi-gwiNT.txt	gwi	Gwich’in	Eyak-Athabaskan	Canada	7957	27
gym-gymNT.txt	gym	Ngäbere	Chibchan	Panama	7957	27
gyr-gyrNT.txt	gyr	Guarayu	Tupian	Bolivia, Plurinational State of	7957	27
hat-hat.txt	hat	Haitian Creole	Creole	Haiti	31097	66
hat-hatbsa.txt	hat	Haitian Creole	Creole	Haiti	31098	66
hau-hausa.txt	hau	Hausa	Afro-Asiatic	Nigeria	31082	66
hau-hauulb.txt	hau	Hausa	Afro-Asiatic	Nigeria	7957	27
haw-haw1868.txt	haw	Hawaiian	Austronesian	United States	31097	66
hbo-hbo.txt	hbo	Hebrew, Ancient	Afro-Asiatic	Israel	23213	39
hbo-hboWLC.txt	hbo	Hebrew, Ancient	Afro-Asiatic	Israel	23213	39
hch-hchNT.txt	hch	Huichol	Uto-Aztecan	Mexico	7956	27
heb-heb.txt	heb	Hebrew	Afro-Asiatic	Israel	31097	66
heg-hegNTpo.txt	heg	Helong	Austronesian	Indonesia	9490	28
hin-hin2017.txt	hin	Hindi	Indo-European	India	31099	66
hix-hixNT.txt	hix	Hixkaryána	Cariban	Brazil	7957	27
hla-hla.txt	hla	Halia	Austronesian	Papua New Guinea	7955	27
hlt-hlt.txt	hlt	Chin, Matu	Sino-Tibetan	Myanmar	31099	66
hlt-hltmcsb.txt	hlt	Chin, Matu	Sino-Tibetan	Myanmar	36689	79
hlt-hltthb.txt	hlt	Chin, Matu	Sino-Tibetan	Myanmar	11330	29
hmo-hmo.txt	hmo	Motu, Hiri	Pidgin	Papua New Guinea	31099	66
hns-hnsNT.txt	hns	Hindustani, Sarnami	Indo-European	Suriname	7957	27
hop-hopNT.txt	hop	Hopi	Uto-Aztecan	United States	7957	27
hot-hot.txt	hot	Malei	Austronesian	Papua New Guinea	7957	27
hrv-hrv.txt	hrv	Croatian	Indo-European	Croatia	35202	73
hto-hto.txt	hto	Witoto, Minika	Witotoan	Colombia	7957	27
hub-hubNT.txt	hub	Wampís	Jivaroan	Peru	7957	27
hui-hui.txt	hui	Huli	Trans-New Guinea	Papua New Guinea	35451	78
hun-hun.txt	hun	Hungarian	Uralic	Hungary	7957	27
hus-husNT1971.txt	hus	Huastec	Mayan	Mexico	7956	27
hus-husNT2005.txt	hus	Huastec	Mayan	Mexico	7956	27
huu-huuNT.txt	huu	Witoto, Murui	Witotoan	Colombia	7957	27
huv-huvNT.txt	huv	Huave, San Mateo del Mar	Huavean	Mexico	7956	27
hvn-hvn.txt	hvn	Hawu	Austronesian	Indonesia	678	1
ian-ian.txt	ian	Iatmul	Sepik	Papua New Guinea	7957	27
ign-ignNT.txt	ign	Ignaciano	Maipurean	Bolivia, Plurinational State of	7957	27
ikk-ikkNT.txt	ikk	Ika	Niger-Congo	Nigeria	7957	27
ikw-ikwNT.txt	ikw	Ikwere	Niger-Congo	Nigeria	7957	27
ilo-iloulb.txt	ilo	Ilocano	Austronesian	Philippines	31086	66
imo-imo.txt	imo	Imbongu	Trans-New Guinea	Papua New Guinea	7957	27
inb-inb.txt	inb	Inga	Quechuan	Colombia	7957	27
ind-ind.txt	ind	Indonesian	Austronesian	Indonesia	11224	33
ind-indags.txt	ind	Indonesian	Austronesian	Indonesia	7940	27
ino-ino.txt	ino	Inoke-Yate	Trans-New Guinea	Papua New Guinea	7957	27
iou-iou.txt	iou	Tuma-Irumu	Trans-New Guinea	Papua New Guinea	13159	56
ipi-ipi.txt	ipi	Ipili	Trans-New Guinea	Papua New Guinea	7957	27
isn-isn.txt	isn	Isanzu	Niger-Congo	Tanzania, United Republic of	7953	27
ita-ita1885.txt	ita	Italian	Indo-European	Italy	31064	66
ita-ita1927.txt	ita	Italian	Indo-European	Italy	31097	66
iws-iws.txt	iws	Iwam, Sepik	Sepik	Papua New Guinea	7956	27
ixl-ixlCNT.txt	ixl	Ixil	Mayan	Guatemala	7956	27
ixl-ixlNNT.txt	ixl	Ixil	Mayan	Guatemala	7957	27
jac-jacNT.txt	jac	Jakalteko	Mayan	Guatemala	7957	27
jae-jae.txt	jae	Yabem	Austronesian	Papua New Guinea	18125	57
jao-jao.txt	jao	Yanyuwa	Australian	Australia	870	6
jic-jicNT.txt	jic	Tol	Jicaquean	Honduras	7957	27
jid-jid.txt	jid	Bu	Niger-Congo	Nigeria	7953	27
jiv-jivNT.txt	jiv	Shuar	Jivaroan	Ecuador	7957	27
jni-jni.txt	jni	Janji	Niger-Congo	Nigeria	7951	27
jpn-jpn1965.txt	jpn	Japanese	Japonic	Japan	7957	27
jvn-jvnNT.txt	jvn	Javanese, Suriname	Austronesian	Suriname	7957	27
kan-kan2017.txt	kan	Kannada	Dravidian	India	31099	66
kaq-kaqNT.txt	kaq	Capanahua	Panoan	Peru	7957	27
kbc-kbcNT.txt	kbc	Kadiwéu	Guaykuruan	Brazil	7957	27
kbh-kbh.txt	kbh	Camsá	Language isolate	Colombia	7957	27
kbm-kbm.txt	kbm	Iwal	Austronesian	Papua New Guinea	7937	27
kbq-kbq.txt	kbq	Kamano	Trans-New Guinea	Papua New Guinea	31099	66
kdc-kdc.txt	kdc	Kutu	Niger-Congo	Tanzania, United Republic of	7957	27
kde-kde.txt	kde	Makonde	Niger-Congo	Tanzania, United Republic of	7957	27
kdl-kdlNT.txt	kdl	Tsikimba	Niger-Congo	Nigeria	7957	27
kek-kekNT.txt	kek	Q’eqchi’	Mayan	Guatemala	7957	27
ken-kenNT.txt	ken	Kenyang	Niger-Congo	Cameroon	7957	27
kew-kew.txt	kew	Kewapi, West	Trans-New Guinea	Papua New Guinea	9447	31
kgf-kgf.txt	kgf	Kube	Trans-New Guinea	Papua New Guinea	10417	28
kgk-kgkNT.txt	kgk	Kaiwá	Tupian	Brazil	7957	27
kgp-kgpNT.txt	kgp	Kaingang	Jean	Brazil	7956	27
khs-khs.txt	khs	Kasua	Trans-New Guinea	Papua New Guinea	7957	27
khz-khz.txt	khz	Keapara	Austronesian	Papua New Guinea	7957	27
kik-kik.txt	kik	Gikuyu	Niger-Congo	Kenya	31097	66
kiw-kiw.txt	kiw	Kiwai, Northeast	Trans-New Guinea	Papua New Guinea	1151	1
kiz-kiz.txt	kiz	Kisi	Niger-Congo	Tanzania, United Republic of	7944	27
kje-kjeNT.txt	kje	Kisar	Austronesian	Indonesia	7957	27
kjn-kjn.txt	kjn	Kunjen	Australian	Australia	138	1
kjs-kjs.txt	kjs	Kewapi, East	Trans-New Guinea	Papua New Guinea	7957	27
kkc-kkc.txt	kkc	Odoodee	Trans-New Guinea	Papua New Guinea	5339	15
kkl-kkl.txt	kkl	Yale, Kosarek	Trans-New Guinea	Indonesia	3834	12
klt-klt.txt	klt	Nukna	Trans-New Guinea	Papua New Guinea	3826	14
klv-klv.txt	klv	Maskelynes	Austronesian	Vanuatu	7957	27
kmg-kmg.txt	kmg	Kâte	Trans-New Guinea	Papua New Guinea	31099	66
kmh-kmh-m.txt	kmh	Kalam	Trans-New Guinea	Papua New Guinea	7957	27
kmh-kmh.txt	kmh	Kalam	Trans-New Guinea	Papua New Guinea	7956	27
kmk-kmk.txt	kmk	Kalinga, Limos	Austronesian	Philippines	7957	27
kmo-kmo.txt	kmo	Kwoma	Sepik	Papua New Guinea	7957	27
kms-kms.txt	kms	Kamasau	Torricelli	Papua New Guinea	7957	27
kmu-kmu.txt	kmu	Kanite	Trans-New Guinea	Papua New Guinea	7957	27
kne-kne.txt	kne	Kankanaey	Austronesian	Philippines	17672	62
knf-knf.txt	knf	Mankanya	Niger-Congo	Guinea-Bissau	9490	28
knj-knjNT.txt	knj	Akateko	Mayan	Guatemala	7957	27
knv-knv-aramia.txt	knv	Tabo	South-Central Papuan	Papua New Guinea	7956	27
knv-knv-fly_river.txt	knv	Tabo	South-Central Papuan	Papua New Guinea	7956	27
kos-kos.txt	kos	Kosraean	Austronesian	Micronesia, Federated States of	31098	66
kpf-kpf.txt	kpf	Komba	Trans-New Guinea	Papua New Guinea	7957	27
kpg-kpg.txt	kpg	Kapingamarangi	Austronesian	Micronesia, Federated States of	31099	66
kpj-kpjNT.txt	kpj	Karajá	Karajá	Brazil	7957	27
kpr-kpr.txt	kpr	Korafe-Yegha	Trans-New Guinea	Papua New Guinea	7957	27
kpw-kpw.txt	kpw	Kobon	Trans-New Guinea	Papua New Guinea	7957	27
kpx-kpx.txt	kpx	Koiali, Mountain	Trans-New Guinea	Papua New Guinea	7956	27
kqa-kqa.txt	kqa	Mum	Trans-New Guinea	Papua New Guinea	1071	1
kqc-kqc.txt	kqc	Doromu-Koki	Trans-New Guinea	Papua New Guinea	8026	28
kqf-kqf.txt	kqf	Kakabai	Austronesian	Papua New Guinea	4164	30
kql-kql.txt	kql	Kyenele	Yuat	Papua New Guinea	678	1
kqw-kqw.txt	kqw	Kandas	Austronesian	Papua New Guinea	7957	27
ksd-ksd.txt	ksd	Kuanua	Austronesian	Papua New Guinea	31098	66
ksj-ksj.txt	ksj	Uare	Trans-New Guinea	Papua New Guinea	4234	8
ksr-ksr.txt	ksr	Borong	Trans-New Guinea	Papua New Guinea	9623	30
ktm-ktm.txt	ktm	Kurti	Austronesian	Papua New Guinea	2472	4
kto-kto.txt	kto	Kuot	Language isolate	Papua New Guinea	7957	27
kud-kud.txt	kud	’Auhelawa	Austronesian	Papua New Guinea	7957	27
kue-kue.txt	kue	Kuman	Trans-New Guinea	Papua New Guinea	7957	27
kup-kup.txt	kup	Kunimaipa	Trans-New Guinea	Papua New Guinea	7957	27
kvg-kvg.txt	kvg	Kuni-Boazi	Trans-New Guinea	Papua New Guinea	8074	29
kvn-kvnNT.txt	kvn	Kuna, Border	Chibchan	Colombia	7957	27
kwd-kwd.txt	kwd	Kwaio	Austronesian	Solomon Islands	7956	27
kwf-kwf.txt	kwf	Kwara’ae	Austronesian	Solomon Islands	9490	28
kwi-kwi.txt	kwi	Awa-Cuaiquer	Barbacoan	Colombia	7957	27
kwj-kwj.txt	kwj	Kwanga	Sepik	Papua New Guinea	7956	27
kyc-kyc.txt	kyc	Kyaka	Trans-New Guinea	Papua New Guinea	17190	65
kyf-kyf.txt	kyf	Kouya	Niger-Congo	Côte d'Ivoire	7957	27
kyg-kyg.txt	kyg	Keyagana	Trans-New Guinea	Papua New Guinea	9714	32
kyq-kyq.txt	kyq	Kenga	Nilo-Saharan	Chad	7957	27
kyz-kyzNT.txt	kyz	Kayabí	Tupian	Brazil	7957	27
kze-kze.txt	kze	Kosena	Trans-New Guinea	Papua New Guinea	7956	27
lac-lacNT.txt	lac	Lacandon	Mayan	Mexico	7956	27
lat-latVUC.txt	lat	Latin	Indo-European	Holy See (Vatican City State)	23505	32
lbb-lbb.txt	lbb	Label	Austronesian	Papua New Guinea	7957	27
lbk-lbk.txt	lbk	Bontok, Central	Austronesian	Philippines	9486	28
lcm-lcm.txt	lcm	Tungag	Austronesian	Papua New Guinea	9623	30
leu-leu.txt	leu	Kara	Austronesian	Papua New Guinea	7955	27
lex-lex.txt	lex	Luang	Austronesian	Indonesia	9790	31
lgl-lgl.txt	lgl	Wala	Austronesian	Solomon Islands	7957	27
lid-lid.txt	lid	Nyindrou	Austronesian	Papua New Guinea	9621	30
lif-lifNT.txt	lif	Limbu	Sino-Tibetan	Nepal	7957	27
lif-lifNT2.txt	lif	Limbu	Sino-Tibetan	Nepal	7957	27
lin-lin.txt	lin	Lingala	Niger-Congo	Congo, The Democratic Republic of the	31170	66
lit-lit.txt	lit	Lithuanian	Indo-European	Lithuania	7081	66
llg-llg.txt	llg	Lole	Austronesian	Indonesia	9490	28
lug-lug.txt	lug	Ganda	Niger-Congo	Uganda	31099	66
luo-luo.txt	luo	Dholuo	Nilo-Saharan	Kenya	31098	66
lww-lww.txt	lww	Lewo	Austronesian	Vanuatu	7957	27
maa-maaNT.txt	maa	Mazatec, San Jerónimo Tecóatl	Otomanguean	Mexico	7957	27
maj-majNT.txt	maj	Mazatec, Jalapa de Díaz	Otomanguean	Mexico	7957	27
mal-mal.txt	mal	Malayalam	Dravidian	India	31089	66
mal-malc.txt	mal	Malayalam	Dravidian	India	31098	66
mam-mamC.txt	mam	Mam	Mayan	Guatemala	7957	27
mam-mamNT.txt	mam	Mam	Mayan	Guatemala	7957	27
maq-maqNT.txt	maq	Mazatec, Chiquihuitlán	Otomanguean	Mexico	7956	27
mar-mar.txt	mar	Marathi	Indo-European	India	31099	66
mau-mauNT.txt	mau	Mazatec, Huautla	Otomanguean	Mexico	7956	27
mav-mavNT.txt	mav	Sateré-Mawé	Tupian	Brazil	7957	27
maz-mazNT.txt	maz	Mazahua, Central	Otomanguean	Mexico	7956	27
mbb-mbbOT.txt	mbb	Manobo, Western Bukidnon	Austronesian	Philippines	23142	39
mbc-mbcNT.txt	mbc	Macushi	Cariban	Brazil	7957	27
mbh-mbh.txt	mbh	Mangseng	Austronesian	Papua New Guinea	7955	27
mbj-mbjNT.txt	mbj	Nadëb	Puinavean	Brazil	7957	27
mbl-mblNT.txt	mbl	Maxakalí	Maxakalian	Brazil	7957	27
mbs-mbs.txt	mbs	Manobo, Sarangani	Austronesian	Philippines	9490	28
mbt-mbtNT.txt	mbt	Manobo, Matigsalug	Austronesian	Philippines	7957	27
mca-mca.txt	mca	Maka	Matacoan	Paraguay	7957	27
mcb-mcbNT.txt	mcb	Matsigenka	Maipurean	Peru	7957	27
mcd-mcdNT.txt	mcd	Sharanahua	Panoan	Peru	7957	27
mcf-mcfNT.txt	mcf	Matses	Panoan	Peru	7957	27
mco-mcoNT.txt	mco	Mixe, Coatlán	Mixe-Zoquean	Mexico	7956	27
mcp-mcp.txt	mcp	Makaa	Niger-Congo	Cameroon	7957	27
mcq-mcq.txt	mcq	Ese	Trans-New Guinea	Papua New Guinea	7955	27
mcr-mcr.txt	mcr	Menya	Trans-New Guinea	Papua New Guinea	7957	27
mdy-mdyeth.txt	mdy	Male	Afro-Asiatic	Ethiopia	7954	27
med-med.txt	med	Melpa	Trans-New Guinea	Papua New Guinea	7957	27
mee-mee.txt	mee	Mengen	Austronesian	Papua New Guinea	7955	27
mek-mek.txt	mek	Mekeo	Austronesian	Papua New Guinea	7957	27
meq-meq.txt	meq	Merey	Afro-Asiatic	Cameroon	7957	27
met-met.txt	met	Mato	Austronesian	Papua New Guinea	11107	31
meu-meu.txt	meu	Motu	Austronesian	Papua New Guinea	31094	66
mgc-mgc.txt	mgc	Morokodo	Nilo-Saharan	South Sudan	3846	6
mgh-mgh.txt	mgh	Makhuwa-Meetto	Niger-Congo	Mozambique	2367	4
mgh-mgh2016.txt	mgh	Makhuwa-Meetto	Niger-Congo	Mozambique	7957	27
mgw-mgw.txt	mgw	Matumbi	Niger-Congo	Tanzania, United Republic of	2153	2
mhl-mhl.txt	mhl	Mauwake	Trans-New Guinea	Papua New Guinea	7957	27
mib-mibNT.txt	mib	Mixtec, Atatlahuca	Otomanguean	Mexico	7956	27
mic-micMIQNT.txt	mic	Mi’kmaq	Algic	Canada	7957	27
mie-mieNT.txt	mie	Mixtec, Ocotepec	Otomanguean	Mexico	7956	27
mig-migNT.txt	mig	Mixtec, San Miguel el Grande	Otomanguean	Mexico	7956	27
mih-mihNT.txt	mih	Mixtec, Chayuco	Otomanguean	Mexico	7956	27
mil-milNT.txt	mil	Mixtec, Peñoles	Otomanguean	Mexico	7956	27
mio-mioNT.txt	mio	Mixtec, Pinotepa Nacional	Otomanguean	Mexico	7956	27
mir-mirNT.txt	mir	Mixe, Isthmus	Mixe-Zoquean	Mexico	7956	27
mit-mitNT.txt	mit	Mixtec, Southern Puebla	Otomanguean	Mexico	7956	27
miz-mizNT.txt	miz	Mixtec, Coatzospan	Otomanguean	Mexico	7956	27
mjc-mjcNT.txt	mjc	Mixtec, San Juan Colorado	Otomanguean	Mexico	7956	27
mkj-mkj.txt	mkj	Mokilese	Austronesian	Micronesia, Federated States of	2900	3
mkl-mkl.txt	mkl	Mokole	Niger-Congo	Benin	7957	27
mkn-mkn.txt	mkn	Malay, Kupang	Creole	Indonesia	9790	31
mks-mksNT.txt	mks	Mixtec, Silacayoapan	Otomanguean	Mexico	7956	27
mle-mle.txt	mle	Manambu	Sepik	Papua New Guinea	7956	27
mlh-mlh.txt	mlh	Mape	Trans-New Guinea	Papua New Guinea	7957	27
mlp-mlp.txt	mlp	Bargam	Trans-New Guinea	Papua New Guinea	7955	27
mmo-mmo.txt	mmo	Buang, Mangga	Austronesian	Papua New Guinea	7957	27
mmx-mmx.txt	mmx	Madak	Austronesian	Papua New Guinea	10417	28
mna-mna.txt	mna	Mbula	Austronesian	Papua New Guinea	13792	33
mop-mopNT.txt	mop	Maya, Mopán	Mayan	Belize	7957	27
mox-mox.txt	mox	Molima	Austronesian	Papua New Guinea	7957	27
mph-mph.txt	mph	Maung	Australian	Australia	680	2
mpj-mpj.txt	mpj	Martu Wangka	Australian	Australia	5658	22
mpm-mpmNT.txt	mpm	Mixtec, Yosondúa	Otomanguean	Mexico	7956	27
mpp-mpp.txt	mpp	Migabac	Trans-New Guinea	Papua New Guinea	8042	28
mps-mps.txt	mps	Dadibi	Trans-New Guinea	Papua New Guinea	31098	66
mpt-mpt.txt	mpt	Mian	Trans-New Guinea	Papua New Guinea	7957	27
mpx-mpx.txt	mpx	Misima-Panaeati	Austronesian	Papua New Guinea	12159	37
mqb-mqbNT.txt	mqb	Mbuko	Afro-Asiatic	Cameroon	7957	27
mqj-mqjNT.txt	mqj	Mamasa	Austronesian	Indonesia	7957	27
msb-msb.txt	msb	Masbatenyo	Austronesian	Philippines	7957	27
msc-msc.txt	msc	Maninka, Sankaran	Niger-Congo	Guinea	2940	4
msk-msk.txt	msk	Mansaka	Austronesian	Philippines	7955	27
msm-msmNT.txt	msm	Manobo, Agusan	Austronesian	Philippines	7939	27
msy-msy.txt	msy	Aruamu	Ramu-Lower Sepik	Papua New Guinea	7957	27
msy-msy2020.txt	msy	Aruamu	Ramu-Lower Sepik	Papua New Guinea	31098	66
mti-mti.txt	mti	Maiwa	Trans-New Guinea	Papua New Guinea	7955	27
mto-mtoNT.txt	mto	Mixe, Totontepec	Mixe-Zoquean	Mexico	7956	27
mux-mux.txt	mux	Bo-Ung	Trans-New Guinea	Papua New Guinea	7957	27
muy-muy.txt	muy	Muyang	Afro-Asiatic	Cameroon	7957	27
mva-mva.txt	mva	Manam	Austronesian	Papua New Guinea	7957	27
mvn-mvn.txt	mvn	Minaveha	Austronesian	Papua New Guinea	7951	27
mwc-mwc.txt	mwc	Are	Austronesian	Papua New Guinea	4409	12
mwe-mwe.txt	mwe	Mwera	Niger-Congo	Tanzania, United Republic of	7957	27
mwf-mwf2018.txt	mwf	Murrinh-Patha	Australian	Australia	4374	12
mwp-mwp.txt	mwp	Kala Lagaw Ya	Australian	Australia	5928	8
mxb-mxbNT.txt	mxb	Mixtec, Tezoatlán	Otomanguean	Mexico	7956	27
mxp-mxpNT.txt	mxp	Mixe, Tlahuitoltepec	Mixe-Zoquean	Mexico	7956	27
mxq-mxqNT.txt	mxq	Mixe, Juquila	Mixe-Zoquean	Mexico	7955	27
mxt-mxtNT.txt	mxt	Mixtec, Jamiltepec	Otomanguean	Mexico	7956	27
mya-mya.txt	mya	Burmese	Sino-Tibetan	Myanmar	31072	66
mya-myajvb.txt	mya	Burmese	Sino-Tibetan	Myanmar	31040	66
myk-myk.txt	myk	Sénoufo, Mamara	Niger-Congo	Mali	8089	29
myu-myu.txt	myu	Mundurukú	Tupian	Brazil	7957	27
myw-myw.txt	myw	Muyuw	Austronesian	Papua New Guinea	7957	27
myy-myy.txt	myy	Macuna	Tucanoan	Colombia	7957	27
mzz-mzz.txt	mzz	Maiadomu	Austronesian	Papua New Guinea	678	1
nab-nabNT.txt	nab	Nambikuára, Southern	Nambikwara	Brazil	7957	27
naf-naf.txt	naf	Nabak	Trans-New Guinea	Papua New Guinea	7956	27
nak-nak.txt	nak	Nakanai	Austronesian	Papua New Guinea	7957	27
nas-nas.txt	nas	Naasioi	South Bougainville	Papua New Guinea	8094	28
nay-nay.txt	nay	Ngarrindjeri	Australian	Australia	390	4
nbq-nbq.txt	nbq	Nggem	Trans-New Guinea	Indonesia	3855	13
nca-nca.txt	nca	Iyo	Trans-New Guinea	Papua New Guinea	7957	27
nch-nchBl.txt	nch	Nahuatl, Central Huasteca	Uto-Aztecan	Mexico	31098	66
ncj-ncjNT.txt	ncj	Nahuatl, Northern Puebla	Uto-Aztecan	Mexico	7956	27
ncl-nclNT.txt	ncl	Nahuatl, Michoacán	Uto-Aztecan	Mexico	7956	27
ncu-ncuNT.txt	ncu	Chumburung	Niger-Congo	Ghana	7956	27
ndg-ndg.txt	ndg	Ndengereko	Niger-Congo	Tanzania, United Republic of	7951	27
ndj-ndj.txt	ndj	Ndamba	Niger-Congo	Tanzania, United Republic of	7957	27
nfa-nfa.txt	nfa	Dhao	Austronesian	Indonesia	9490	28
ngp-ngp.txt	ngp	Ngulu	Niger-Congo	Tanzania, United Republic of	7957	27
ngu-nguNT.txt	ngu	Nahuatl, Guerrero	Uto-Aztecan	Mexico	7956	27
nhe-nheBl.txt	nhe	Nahuatl, Eastern Huasteca	Uto-Aztecan	Mexico	31098	66
nhe-nheNT.txt	nhe	Nahuatl, Eastern Huasteca	Uto-Aztecan	Mexico	7956	27
nhg-nhgNT.txt	nhg	Nahuatl, Tetelcingo	Uto-Aztecan	Mexico	7954	27
nhi-nhiNT.txt	nhi	Nahuatl, Zacatlán-Ahuacatlán-Tepetzintla	Uto-Aztecan	Mexico	7957	27
nho-nho.txt	nho	Takuu	Austronesian	Papua New Guinea	7957	27
nhr-nhr.txt	nhr	Naro	Khoe-Kwadi	Botswana	7949	27
nhu-nhuNT.txt	nhu	Noone	Niger-Congo	Cameroon	7956	27
nhw-nhwBl.txt	nhw	Nahuatl, Western Huasteca	Uto-Aztecan	Mexico	31098	66
nhy-nhyNT.txt	nhy	Nahuatl, Northern Oaxaca	Uto-Aztecan	Mexico	7956	27
nif-nif.txt	nif	Nek	Trans-New Guinea	Papua New Guinea	3779	4
nii-nii.txt	nii	Nii	Trans-New Guinea	Papua New Guinea	7955	27
nin-ninNT.txt	nin	Ninzo	Niger-Congo	Nigeria	7957	27
nko-nkoNT.txt	nko	Nkonya	Niger-Congo	Ghana	7957	27
nld-nld1939.txt	nld	Dutch	Indo-European	Netherlands	34780	73
nlg-nlg.txt	nlg	Gela	Austronesian	Solomon Islands	14632	36
nmw-nmws.txt	nmw	Rifao	Austronesian	Papua New Guinea	1226	2
nna-nna.txt	nna	Nyangumarta	Australian	Australia	2399	27
nnq-nnq.txt	nnq	Ngindo	Niger-Congo	Tanzania, United Republic of	7957	27
noa-noaE.txt	noa	Woun Meu	Chocoan	Colombia	7957	27
noa-noaH.txt	noa	Woun Meu	Chocoan	Colombia	7957	27
nop-nop.txt	nop	Numanggang	Trans-New Guinea	Papua New Guinea	11950	29
not-notNT.txt	not	Nomatsigenga	Maipurean	Peru	7957	27
nou-nou.txt	nou	Ewage-Notu	Trans-New Guinea	Papua New Guinea	7956	27
npi-npiulb.txt	npi	Nepali	Indo-European	Nepal	31099	66
npl-nplNT.txt	npl	Nahuatl, Southeastern Puebla	Uto-Aztecan	Mexico	7951	27
nsn-nsn.txt	nsn	Nehan	Austronesian	Papua New Guinea	7957	27
nss-nss.txt	nss	Nali	Austronesian	Papua New Guinea	5510	7
ntj-ntj.txt	ntj	Ngaanyatjarra	Australian	Australia	13028	50
ntp-ntpNT.txt	ntp	Tepehuan, Northern	Uto-Aztecan	Mexico	7956	27
ntu-ntu.txt	ntu	Natügu	Austronesian	Solomon Islands	10500	29
nuy-nuy.txt	nuy	Nunggubuyu	Australian	Australia	8377	30
nvm-nvm.txt	nvm	Namiae	Trans-New Guinea	Papua New Guinea	7957	27
nwi-nwi.txt	nwi	Tanna, Southwest	Austronesian	Vanuatu	7957	27
nya-nya.txt	nya	Chichewa	Niger-Congo	Malawi	31099	66
nys-nys.txt	nys	Nyungar	Australian	Australia	1285	3
nyu-nyu.txt	nyu	Nyungwe	Niger-Congo	Mozambique	2027	5
obo-oboNT.txt	obo	Manobo, Obo	Austronesian	Philippines	7957	27
okv-okv.txt	okv	Orokaiva	Trans-New Guinea	Papua New Guinea	7956	27
okv-okvh.txt	okv	Orokaiva	Trans-New Guinea	Papua New Guinea	7948	27
omw-omw-a.txt	omw	Tairora, South	Trans-New Guinea	Papua New Guinea	1557	2
omw-omw-v.txt	omw	Tairora, South	Trans-New Guinea	Papua New Guinea	348	4
omw-omw.txt	omw	Tairora, South	Trans-New Guinea	Papua New Guinea	7957	27
ong-ong.txt	ong	Olo	Torricelli	Papua New Guinea	7957	27
ons-ons.txt	ons	Ono	Trans-New Guinea	Papua New Guinea	7956	27
ood-oodNT.txt	ood	Tohono O’odham	Uto-Aztecan	United States	7957	27
opm-opm.txt	opm	Oksapmin	Trans-New Guinea	Papua New Guinea	7957	27
ory-ory.txt	ory	Odia	Indo-European	India	31099	66
ote-oteNT.txt	ote	Otomi, Mezquital	Otomanguean	Mexico	7956	27
otm-otmNT.txt	otm	Otomi, Eastern Highland	Otomanguean	Mexico	7956	27
otn-otnNT.txt	otn	Otomi, Tenango	Otomanguean	Mexico	7956	27
otq-otqNT.txt	otq	Otomi, Querétaro	Otomanguean	Mexico	7956	27
ots-otsNT.txt	ots	Otomí, Estado de México	Otomanguean	Mexico	7956	27
pab-pabNT.txt	pab	Parecís	Maipurean	Brazil	7957	27
pad-padNT.txt	pad	Paumarí	Arauan	Brazil	7957	27
pah-pahNT.txt	pah	Tenharim	Tupian	Brazil	7957	27
pan-pan.txt	pan	Punjabi, Eastern	Indo-European	India	31099	66
pao-paoNT.txt	pao	Paiute, Northern	Uto-Aztecan	United States	7957	27
pes-pesOPV.txt	pes	Persian, Iranian	Indo-European	Iran, Islamic Republic of	31078	66
pib-pibNT.txt	pib	Yine	Maipurean	Peru	7957	27
pio-pioNT.txt	pio	Piapoco	Maipurean	Colombia	7956	27
pir-pirNT.txt	pir	Piratapuyo	Tucanoan	Brazil	7957	27
piu-piu2006.txt	piu	Pintupi-Luritja	Australian	Australia	14699	56
pjt-pjt.txt	pjt	Pitjantjatjara	Australian	Australia	12948	44
pls-plsNT.txt	pls	Popoloca, San Marcos Tlacoyalco	Otomanguean	Mexico	7956	27
plu-plu.txt	plu	Palikúr	Maipurean	Brazil	7954	27
pma-pma.txt	pma	Paama	Austronesian	Vanuatu	11047	54
poe-poeNT.txt	poe	Popoloca, San Juan Atzingo	Otomanguean	Mexico	7956	27
poh-pohNT.txt	poh	Poqomchi’	Mayan	Guatemala	7956	27
poi-poiNT.txt	poi	Popoluca, Highland	Mixe-Zoquean	Mexico	7956	27
pol-polsz.txt	pol	Polish	Indo-European	Poland	7956	27
pol-polubg.txt	pol	Polish	Indo-European	Poland	31097	66
pon-pon-pdn.txt	pon	Pohnpeian	Austronesian	Micronesia, Federated States of	10414	28
pon-pon.txt	pon	Pohnpeian	Austronesian	Micronesia, Federated States of	10414	28
pon-pon2006.txt	pon	Pohnpeian	Austronesian	Micronesia, Federated States of	31098	66
pon-pon2006a.txt	pon	Pohnpeian	Austronesian	Micronesia, Federated States of	32934	72
por-porblt.txt	por	Portuguese	Indo-European	Portugal	7940	27
por-porbr2018.txt	por	Portuguese	Indo-European	Portugal	31097	66
por-porbrbsl.txt	por	Portuguese	Indo-European	Portugal	31090	66
por-portft.txt	por	Portuguese	Indo-European	Portugal	7953	27
poy-poy.txt	poy	Pogolo	Niger-Congo	Tanzania, United Republic of	7957	27
ppo-ppo.txt	ppo	Folopa	Trans-New Guinea	Papua New Guinea	7956	27
prf-prfNT.txt	prf	Paranan	Austronesian	Philippines	7957	27
pri-priNT.txt	pri	Paicî	Austronesian	New Caledonia	7957	27
ptp-ptp.txt	ptp	Patep	Austronesian	Papua New Guinea	7957	27
ptu-ptu.txt	ptu	Bambam	Austronesian	Indonesia	9490	28
pwg-pwg.txt	pwg	Gapapaiwa	Austronesian	Papua New Guinea	9490	28
qub-qub.txt	qub	Quechua, Huallaga	Quechuan	Peru	31099	66
quc-qucNNT.txt	quc	K’iche’	Mayan	Guatemala	7957	27
quc-qucTNT.txt	quc	K’iche’	Mayan	Guatemala	7956	27
quf-qufNT.txt	quf	Quechua, Lambayeque	Quechuan	Peru	7957	27
quh-quhNT.txt	quh	Quechua, South Bolivian	Quechuan	Bolivia, Plurinational State of	7957	27
qul-qulNT.txt	qul	Quechua, North Bolivian	Quechuan	Bolivia, Plurinational State of	7957	27
qup-qupNT.txt	qup	Quechua, Southern Pastaza	Quechuan	Peru	7957	27
qvc-qvcNT.txt	qvc	Quechua, Cajamarca	Quechuan	Peru	7957	27
qve-qveNT.txt	qve	Quechua, Eastern Apurímac	Quechuan	Peru	7957	27
qvh-qvhNT.txt	qvh	Quechua, Huamalíes-Dos de Mayo Huánuco	Quechuan	Peru	7957	27
qvm-qvmNT.txt	qvm	Quechua, Margos-Yarowilca-Lauricocha	Quechuan	Peru	7957	27
qvn-qvnNT.txt	qvn	Quechua, North Junín	Quechuan	Peru	7957	27
qvs-qvsNT.txt	qvs	Quechua, San Martín	Quechuan	Peru	8308	28
qvw-qvwNT.txt	qvw	Quechua, Huaylla Wanca	Quechuan	Peru	7957	27
qvz-qvzNT.txt	qvz	Quichua, Northern Pastaza	Quechuan	Ecuador	7957	27
qwh-qwhNT.txt	qwh	Quechua, Huaylas Ancash	Quechuan	Peru	7957	27
qxh-qxhNT.txt	qxh	Quechua, Panao	Quechuan	Peru	7957	27
qxn-qxnNT.txt	qxn	Quechua, Northern Conchucos Ancash	Quechuan	Peru	7955	27
qxo-qxoNT.txt	qxo	Quechua, Southern Conchucos	Quechuan	Peru	7954	27
rai-rai.txt	rai	Ramoaaina	Austronesian	Papua New Guinea	7957	27
reg-reg.txt	reg	Kara	Niger-Congo	Tanzania, United Republic of	7954	27
rgu-rgu.txt	rgu	Rikou	Austronesian	Indonesia	8611	27
rkb-rkbNT.txt	rkb	Rikbaktsa	Language isolate	Brazil	7957	27
rmc-rmc.txt	rmc	Romani, Carpathian	Indo-European	Slovakia	20019	44
rmy-rmyArli.txt	rmy	Romani, Vlax	Indo-European	Romania	1150	1
rmy-rmyChergash.txt	rmy	Romani, Vlax	Indo-European	Romania	1150	1
rmy-rmyGurbet.txt	rmy	Romani, Vlax	Indo-European	Romania	1150	1
ron-ron1924.txt	ron	Romanian	Indo-European	Romania	31040	66
ron-ronBayash.txt	ron	Romanian	Indo-European	Romania	1149	1
ron-ronlsb.txt	ron	Romanian	Indo-European	Romania	7948	27
ron-ronludari.txt	ron	Romanian	Indo-European	Romania	1151	1
roo-roo.txt	roo	Rotokas	North Bougainville	Papua New Guinea	7956	27
rop-rop.txt	rop	Kriol	Creole	Australia	31098	66
row-row.txt	row	Dela-Oenale	Austronesian	Indonesia	9490	28
rro-rro.txt	rro	Waima	Austronesian	Papua New Guinea	7956	27
ruf-ruf.txt	ruf	Luguru	Niger-Congo	Tanzania, United Republic of	7957	27
rug-rug.txt	rug	Roviana	Austronesian	Solomon Islands	31092	66
rus-russyn.txt	rus	Russian	Indo-European	Russian Federation	31160	66
rwo-rwo-karo.txt	rwo	Rawa	Trans-New Guinea	Papua New Guinea	7956	27
rwo-rwo-rawa.txt	rwo	Rawa	Trans-New Guinea	Papua New Guinea	7956	27
sab-sabNT.txt	sab	Buglere	Chibchan	Panama	7957	27
san-sanasm.txt	san	Sanskrit	Indo-European	India	7957	27
san-sanben.txt	san	Sanskrit	Indo-European	India	7957	27
san-sanbur.txt	san	Sanskrit	Indo-European	India	7957	27
san-sandev.txt	san	Sanskrit	Indo-European	India	7957	27
san-sanguj.txt	san	Sanskrit	Indo-European	India	7957	27
san-sanhk.txt	san	Sanskrit	Indo-European	India	7957	27
san-sanias.txt	san	Sanskrit	Indo-European	India	7957	27
san-saniso.txt	san	Sanskrit	Indo-European	India	7957	27
san-sanitr.txt	san	Sanskrit	Indo-European	India	7957	27
san-sankhm.txt	san	Sanskrit	Indo-European	India	7957	27
san-sanmal.txt	san	Sanskrit	Indo-European	India	7957	27
san-sanori.txt	san	Sanskrit	Indo-European	India	7957	27
san-sanpun.txt	san	Sanskrit	Indo-European	India	7957	27
san-sansin.txt	san	Sanskrit	Indo-European	India	7957	27
san-santam.txt	san	Sanskrit	Indo-European	India	7957	27
san-santel.txt	san	Sanskrit	Indo-European	India	7957	27
san-santha.txt	san	Sanskrit	Indo-European	India	7957	27
san-santib.txt	san	Sanskrit	Indo-European	India	7957	27
san-sanurd.txt	san	Sanskrit	Indo-European	India	7957	27
san-sanvel.txt	san	Sanskrit	Indo-European	India	7957	27
sbe-sbe.txt	sbe	Saliba	Austronesian	Papua New Guinea	6326	24
sbk-sbk.txt	sbk	Safwa	Niger-Congo	Tanzania, United Republic of	7951	27
sbs-sbs.txt	sbs	Kuhane	Niger-Congo	Namibia	7953	27
seh-seh.txt	seh	Sena	Niger-Congo	Mozambique	1962	5
sey-seyNT.txt	sey	Paicoca	Tucanoan	Ecuador	7957	27
sgb-sgb.txt	sgb	Ayta, Mag-antsi	Austronesian	Philippines	7957	27
sgz-sgz.txt	sgz	Sursurunga	Austronesian	Papua New Guinea	7957	27
shj-shj.txt	shj	Shatt	Nilo-Saharan	Sudan	1151	1
shp-shpNTpo.txt	shp	Shipibo-Conibo	Panoan	Peru	9807	33
sim-sim.txt	sim	Mende	Sepik	Papua New Guinea	7957	27
sja-sjaNT.txt	sja	Epena	Chocoan	Colombia	7957	27
sll-sll.txt	sll	Yui	Trans-New Guinea	Papua New Guinea	7951	27
smk-smkNT.txt	smk	Bolinao	Austronesian	Philippines	7957	27
snc-snc.txt	snc	Sinaugoro	Austronesian	Papua New Guinea	7957	27
snn-snnNT.txt	snn	Siona	Tucanoan	Colombia	7957	27
snp-snp-lambau.txt	snp	Siane	Trans-New Guinea	Papua New Guinea	7957	27
snp-snp.txt	snp	Siane	Trans-New Guinea	Papua New Guinea	7957	27
snx-snx.txt	snx	Sam	Trans-New Guinea	Papua New Guinea	678	1
sny-sny.txt	sny	Saniyo-Hiyewe	Sepik	Papua New Guinea	7957	27
som-som.txt	som	Somali	Afro-Asiatic	Somalia	31098	66
soq-soq.txt	soq	Kanasi	Trans-New Guinea	Papua New Guinea	10856	55
soy-soy.txt	soy	Miyobe	Niger-Congo	Benin	7957	27
spa-spabes.txt	spa	Spanish	Indo-European	Spain	31096	66
spa-spablm.txt	spa	Spanish	Indo-European	Spain	37395	81
spa-spapddpt.txt	spa	Spanish	Indo-European	Spain	31099	66
spa-spaRV1909.txt	spa	Spanish	Indo-European	Spain	31081	66
spa-sparvg.txt	spa	Spanish	Indo-European	Spain	31097	66
spa-spavbl.txt	spa	Spanish	Indo-European	Spain	31081	66
spl-spl.txt	spl	Selepet	Trans-New Guinea	Papua New Guinea	7956	27
spm-spm.txt	spm	Akukem	Ramu-Lower Sepik	Papua New Guinea	1684	2
spp-spp.txt	spp	Sénoufo, Supyire	Niger-Congo	Mali	9574	29
sps-sps.txt	sps	Saposa	Austronesian	Papua New Guinea	8242	29
spy-spyNT.txt	spy	Sabaot	Nilo-Saharan	Kenya	7943	27
sri-sri.txt	sri	Siriano	Tucanoan	Colombia	7957	27
srm-srmNT.txt	srm	Saramaccan	Creole	Suriname	7957	27
srn-srnNT.txt	srn	Sranan Tongo	Creole	Suriname	7957	27
srp-srp1865.txt	srp	Serbian	Indo-European	Serbia	31072	66
srq-srqNT.txt	srq	Sirionó	Tupian	Bolivia, Plurinational State of	7957	27
ssd-ssd.txt	ssd	Siroi	Trans-New Guinea	Papua New Guinea	11147	33
ssg-ssg.txt	ssg	Seimat	Austronesian	Papua New Guinea	7957	27
ssx-ssx.txt	ssx	Samberigi	Trans-New Guinea	Papua New Guinea	9489	28
stp-stpNT.txt	stp	Tepehuan, Southeastern	Uto-Aztecan	Mexico	7957	27
sua-sua.txt	sua	Sulka	Language isolate	Papua New Guinea	7955	27
sue-sue.txt	sue	Suena	Trans-New Guinea	Papua New Guinea	7957	27
sus-sus.txt	sus	Susu	Niger-Congo	Guinea	31170	66
sus-susa.txt	sus	Susu	Niger-Congo	Guinea	31170	66
suz-suzBl.txt	suz	Sunwar	Sino-Tibetan	Nepal	31099	66
swe-swe.txt	swe	Swedish	Indo-European	Sweden	11913	32
swh-swh1850.txt	swh	Swahili	Niger-Congo	Tanzania, United Republic of	7851	26
swh-swhonen.txt	swh	Swahili	Niger-Congo	Tanzania, United Republic of	31098	66
swh-swhulb.txt	swh	Swahili	Niger-Congo	Tanzania, United Republic of	31098	66
swp-swp.txt	swp	Suau	Austronesian	Papua New Guinea	11725	31
sxb-sxbNT.txt	sxb	Suba	Niger-Congo	Kenya	7957	27
tac-tacNT.txt	tac	Tarahumara, Western	Uto-Aztecan	Mexico	7956	27
taj-taj.txt	taj	Tamang, Eastern	Sino-Tibetan	Nepal	7957	27
tam-tam2017.txt	tam	Tamil	Dravidian	India	31099	66
tav-tav.txt	tav	Tatuyo	Tucanoan	Colombia	7957	27
taw-taw.txt	taw	Tay	Trans-New Guinea	Papua New Guinea	7957	27
tbc-tbc.txt	tbc	Takia	Austronesian	Papua New Guinea	7950	27
tbf-tbf.txt	tbf	Mandara	Austronesian	Papua New Guinea	7957	27
tbg-tbg-a.txt	tbg	Tairora, North	Trans-New Guinea	Papua New Guinea	793	5
tbg-tbg.txt	tbg	Tairora, North	Trans-New Guinea	Papua New Guinea	19848	45
tbl-tblNT.txt	tbl	Tboli	Austronesian	Philippines	1071	1
tbo-tbo.txt	tbo	Tawala	Austronesian	Papua New Guinea	7950	27
tbz-tbzsim.txt	tbz	Ditammari	Niger-Congo	Benin	31169	66
tca-tcaNT.txt	tca	Ticuna	Language isolate	Brazil	7956	27
tcs-tcs.txt	tcs	Torres Strait Creole	Creole	Australia	9622	30
tcz-tczchongthu.txt	tcz	Chin, Thado	Sino-Tibetan	India	31068	66
tdt-tdt.txt	tdt	Tetun Dili	Creole	Timor-Leste	7957	27
tee-teeNT.txt	tee	Tepehua, Huehuetla	Totonacan	Mexico	7956	27
tel-tel2017.txt	tel	Telugu	Dravidian	India	31099	66
ter-terNT.txt	ter	Terêna	Maipurean	Brazil	7957	27
tet-tet.txt	tet	Tetun	Austronesian	Timor-Leste	9490	28
tew-tew.txt	tew	Tewa	Kiowa-Tanoan	United States	4997	17
tfr-tfrNTpo.txt	tfr	Teribe	Chibchan	Panama	9623	30
tgk-tgk.txt	tgk	Tajik	Indo-European	Tajikistan	4411	13
tgl-tglulb.txt	tgl	Tagalog	Austronesian	Philippines	31099	66
tgo-tgo.txt	tgo	Sudest	Austronesian	Papua New Guinea	8087	29
tgp-tgp.txt	tgp	Tangoa	Austronesian	Vanuatu	7957	27
tha-thaKJV.txt	tha	Thai	Kra-Dai	Thailand	31097	66
thd-thd.txt	thd	Kuuk Thayorre	Australian	Australia	171	4
tif-tif.txt	tif	Tifal	Trans-New Guinea	Papua New Guinea	7957	27
tim-tim.txt	tim	Timbe	Trans-New Guinea	Papua New Guinea	7957	27
tiw-tiw.txt	tiw	Tiwi	Australian	Australia	1575	4
tiy-tiy.txt	tiy	Teduray	Austronesian	Philippines	7956	27
tke-tke.txt	tke	Takwane	Niger-Congo	Mozambique	1150	1
tku-tkuNT.txt	tku	Totonac, Upper Necaxa	Totonacan	Mexico	7956	27
tlf-tlf.txt	tlf	Telefol	Trans-New Guinea	Papua New Guinea	7956	27
tmd-tmd.txt	tmd	Haruai	Piawi	Papua New Guinea	7955	27
tna-tnaNT.txt	tna	Tacana	Tacanan	Bolivia, Plurinational State of	7957	27
tnc-tnc.txt	tnc	Tanimuca-Letuama	Tucanoan	Colombia	3235	10
tnk-tnk.txt	tnk	Kwamera	Austronesian	Vanuatu	7950	27
tnn-tnn.txt	tnn	Tanna, North	Austronesian	Vanuatu	7948	27
tnp-tnp.txt	tnp	Whitesands	Austronesian	Vanuatu	7948	27
toc-tocNT.txt	toc	Totonac, Coyutla	Totonacan	Mexico	7957	27
tod-tod.txt	tod	Toma	Niger-Congo	Guinea	11167	19
tof-tof.txt	tof	Gizrra	Eastern Trans-Fly	Papua New Guinea	8963	40
toj-tojNT.txt	toj	Tojolabal	Mayan	Mexico	7956	27
ton-ton.txt	ton	Tongan	Austronesian	Tonga	31097	66
too-tooNT.txt	too	Totonac, Xicotepec de Juárez	Totonacan	Mexico	7956	27
top-topNT.txt	top	Totonac, Papantla	Totonacan	Mexico	7956	27
tos-tosNT.txt	tos	Totonac, Highland	Totonacan	Mexico	7956	27
tpa-tpa.txt	tpa	Taupota	Austronesian	Papua New Guinea	678	1
tpi-tpi.txt	tpi	Tok Pisin	Creole	Papua New Guinea	35547	78
tpi-tpiOTNT.txt	tpi	Tok Pisin	Creole	Papua New Guinea	31099	66
tpt-tptNT.txt	tpt	Tepehua, Tlachichilco	Totonacan	Mexico	7956	27
tpz-tpz.txt	tpz	Tinputz	Austronesian	Papua New Guinea	7957	27
trc-trcNT.txt	trc	Triqui, Copala	Otomanguean	Mexico	7956	27
tsw-tswNT.txt	tsw	Tsishingini	Niger-Congo	Nigeria	7955	27
ttc-ttcNT.txt	ttc	Tektiteko	Mayan	Guatemala	7957	27
tte-tte.txt	tte	Bwanabwana	Austronesian	Papua New Guinea	7956	27
tte-tteo.txt	tte	Bwanabwana	Austronesian	Papua New Guinea	7264	13
tuc-tuc-o.txt	tuc	Mutu	Austronesian	Papua New Guinea	12877	32
tuc-tuc-t.txt	tuc	Mutu	Austronesian	Papua New Guinea	12877	32
tue-tue.txt	tue	Tuyuca	Tucanoan	Colombia	7957	27
tuf-tuf.txt	tuf	Tunebo, Central	Chibchan	Colombia	7957	27
tuo-tuoNT.txt	tuo	Tucano	Tucanoan	Brazil	11007	33
tur-turev.txt	tur	Turkish	Turkic	Turkey	31097	66
tvk-tvk.txt	tvk	Ambrym, Southeast	Austronesian	Vanuatu	8076	29
twi-twi.txt	twi	Twi	Niger-Congo	Ghana	31099	66
txq-txq.txt	txq	Tii	Austronesian	Indonesia	9490	28
txu-txuNT.txt	txu	Kayapó	Jean	Brazil	7957	27
tzj-tzjE.txt	tzj	Tz’utujil	Mayan	Guatemala	7957	27
tzj-tzjNT.txt	tzj	Tz’utujil	Mayan	Guatemala	7957	27
tzo-tzoNT.txt	tzo	Tzotzil	Mayan	Mexico	7956	27
tzo-tzoSA.txt	tzo	Tzotzil	Mayan	Mexico	7956	27
tzo-tzotzc.txt	tzo	Tzotzil	Mayan	Mexico	7956	27
tzo-tzotze.txt	tzo	Tzotzil	Mayan	Mexico	7956	27
tzo-tzoZNT.txt	tzo	Tzotzil	Mayan	Mexico	7956	27
ubr-ubr.txt	ubr	Ubir	Austronesian	Papua New Guinea	9488	28
ubu-ubu-andelale.txt	ubu	Umbu-Ungu	Trans-New Guinea	Papua New Guinea	7957	27
ubu-ubu-kala.txt	ubu	Umbu-Ungu	Trans-New Guinea	Papua New Guinea	7957	27
ubu-ubu-nopenge.txt	ubu	Umbu-Ungu	Trans-New Guinea	Papua New Guinea	7957	27
udu-udu.txt	udu	Uduk	Nilo-Saharan	Sudan	12494	30
uig-uigara.txt	uig	Uyghur	Turkic	China	31091	66
uig-uigcyr.txt	uig	Uyghur	Turkic	China	31146	66
uig-uiglat.txt	uig	Uyghur	Turkic	China	31089	66
uig-uigpin.txt	uig	Uyghur	Turkic	China	31090	66
ukr-ukr1871.txt	ukr	Ukrainian	Indo-European	Ukraine	7954	27
uli-uli.txt	uli	Ulithian	Austronesian	Micronesia, Federated States of	7956	27
ulk-ulk.txt	ulk	Meriam Mir	Eastern Trans-Fly	Australia	1188	12
upv-upv.txt	upv	Uripiv-Wala-Rano-Atchin	Austronesian	Vanuatu	7956	27
ura-uraNT.txt	ura	Urarina	Language isolate	Peru	7957	27
urb-urbNT.txt	urb	Kaapor	Tupian	Brazil	7957	27
urd-urd.txt	urd	Urdu	Indo-European	Pakistan	31098	66
urd-urdgvh.txt	urd	Urdu	Indo-European	Pakistan	31099	66
urd-urdgvr.txt	urd	Urdu	Indo-European	Pakistan	31098	66
urd-urdgvu.txt	urd	Urdu	Indo-European	Pakistan	31099	66
uri-uri.txt	uri	Urim	Torricelli	Papua New Guinea	2510	6
urt-urt.txt	urt	Urat	Torricelli	Papua New Guinea	7955	27
urw-urw.txt	urw	Sop	Trans-New Guinea	Papua New Guinea	1199	2
usa-usa.txt	usa	Usarufa	Trans-New Guinea	Papua New Guinea	8229	28
usp-uspNT.txt	usp	Uspanteko	Mayan	Guatemala	7957	27
uvh-uvh.txt	uvh	Uri	Trans-New Guinea	Papua New Guinea	7957	27
uvl-uvl.txt	uvl	Lote	Austronesian	Papua New Guinea	9490	28
vid-vid.txt	vid	Vidunda	Niger-Congo	Tanzania, United Republic of	13809	32
vie-vie1934.txt	vie	Vietnamese	Austro-Asiatic	Viet Nam	31097	66
vie-vieovcb.txt	vie	Vietnamese	Austro-Asiatic	Viet Nam	31091	66
viv-viv.txt	viv	Iduna	Austronesian	Papua New Guinea	7957	27
vmy-vmyNT.txt	vmy	Mazatec, Ayautla	Otomanguean	Mexico	7957	27
waj-waj.txt	waj	Waffa	Trans-New Guinea	Papua New Guinea	7957	27
wal-wal.txt	wal	Wolaytta	Afro-Asiatic	Ethiopia	27289	58
wap-wapNT.txt	wap	Wapishana	Maipurean	Guyana	7957	27
wat-wat.txt	wat	Kaninuwa	Austronesian	Papua New Guinea	2664	5
wbi-wbi.txt	wbi	Vwanji	Niger-Congo	Tanzania, United Republic of	7952	27
wbp-wbp.txt	wbp	Warlpiri	Australian	Australia	11098	36
wed-wed-topura.txt	wed	Wedau	Austronesian	Papua New Guinea	678	1
wed-wed.txt	wed	Wedau	Austronesian	Papua New Guinea	4188	30
wer-wer.txt	wer	Amam	Trans-New Guinea	Papua New Guinea	7956	27
wim-wim.txt	wim	Wik-Mungkan	Australian	Australia	7949	27
wiu-wiu.txt	wiu	Witu	Trans-New Guinea	Papua New Guinea	7955	27
wiv-wiv.txt	wiv	Vitu	Austronesian	Papua New Guinea	7949	27
wmt-wmt.txt	wmt	Walmajarri	Australian	Australia	3384	17
wmw-wmw.txt	wmw	Mwani	Niger-Congo	Mozambique	7940	27
wnc-wnc.txt	wnc	Wantoat	Trans-New Guinea	Papua New Guinea	10415	28
wnu-wnu.txt	wnu	Usan	Trans-New Guinea	Papua New Guinea	7957	27
wol-wol2010.txt	wol	Wolof	Niger-Congo	Senegal	7957	27
wol-wolKYG.txt	wol	Wolof	Niger-Congo	Senegal	25368	56
wos-wos.txt	wos	Hanga Hundi	Sepik	Papua New Guinea	8004	28
wrk-wrk.txt	wrk	Garrwa	Australian	Australia	5267	22
wro-wro.txt	wro	Worrorra	Australian	Australia	1828	2
wrs-wrs.txt	wrs	Waris	Border	Papua New Guinea	9623	30
wsk-wsk.txt	wsk	Waskia	Trans-New Guinea	Papua New Guinea	13590	38
wuv-wuv.txt	wuv	Wuvulu-Aua	Austronesian	Papua New Guinea	7939	27
xav-xavNT.txt	xav	Xavánte	Jean	Brazil	7957	27
xbi-xbi-w.txt	xbi	Kombio	Torricelli	Papua New Guinea	1255	4
xbi-xbi-y.txt	xbi	Kombio	Torricelli	Papua New Guinea	1384	6
xed-xed.txt	xed	Hdi	Afro-Asiatic	Cameroon	7957	27
xla-xla.txt	xla	Kamula	Trans-New Guinea	Papua New Guinea	10171	30
xnn-xnn.txt	xnn	Kankanay, Northern	Austronesian	Philippines	7957	27
xon-xon.txt	xon	Konkomba	Niger-Congo	Ghana	7957	27
xsi-xsi.txt	xsi	Sio	Austronesian	Papua New Guinea	10416	28
xtd-xtdNT.txt	xtd	Mixtec, Diuxi-Tilantongo	Otomanguean	Mexico	7957	27
xtm-xtmNTpp.txt	xtm	Mixtec, Magdalena Peñasco	Otomanguean	Mexico	7956	27
yaa-yaaNT.txt	yaa	Yaminahua	Panoan	Peru	7957	27
yad-yadNT.txt	yad	Yagua	Yaguan	Peru	7957	27
yal-yal.txt	yal	Yalunka	Niger-Congo	Guinea	31170	66
yap-yap.txt	yap	Yapese	Austronesian	Micronesia, Federated States of	31087	66
yaq-yaqNT.txt	yaq	Yaqui	Uto-Aztecan	Mexico	7956	27
yby-yby.txt	yby	Yaweyuha	Trans-New Guinea	Papua New Guinea	7955	27
ycn-ycn.txt	ycn	Yucuna	Maipurean	Colombia	7957	27
yka-yka.txt	yka	Yakan	Austronesian	Philippines	8090	29
yle-yle.txt	yle	Yélî Dnye	Yele-West New Britain	Papua New Guinea	7956	27
yml-yml.txt	yml	Iamalele	Austronesian	Papua New Guinea	7957	27
yon-yon.txt	yon	Yongkom	Trans-New Guinea	Papua New Guinea	11950	29
yor-yor.txt	yor	Yoruba	Niger-Congo	Nigeria	31082	66
yrb-yrb.txt	yrb	Yareba	Trans-New Guinea	Papua New Guinea	7955	27
yre-yreNT.txt	yre	Yaouré	Niger-Congo	Côte d'Ivoire	7957	27
yss-yss-yamano.txt	yss	Yessan-Mayo	Sepik	Papua New Guinea	7957	27
yss-yss-yawu.txt	yss	Yessan-Mayo	Sepik	Papua New Guinea	7956	27
yuj-yuj.txt	yuj	Karkar-Yuri	Pauwasi	Papua New Guinea	7957	27
yut-yut.txt	yut	Yopno	Trans-New Guinea	Papua New Guinea	10417	28
yuw-yuw.txt	yuw	Yau	Trans-New Guinea	Papua New Guinea	7956	27
yva-yvaNT.txt	yva	Yawa	West Papuan	Indonesia	7957	27
zaa-zaaNT.txt	zaa	Zapotec, Sierra de Juárez	Otomanguean	Mexico	7956	27
zab-zabNT.txt	zab	Zapotec, Western Tlacolula Valley	Otomanguean	Mexico	7956	27
zac-zacNT.txt	zac	Zapotec, Ocotlán	Otomanguean	Mexico	7956	27
zad-zadNT.txt	zad	Zapotec, Cajonos	Otomanguean	Mexico	7957	27
zai-zaiNT.txt	zai	Zapotec, Isthmus	Otomanguean	Mexico	7956	27
zaj-zaj.txt	zaj	Zaramo	Niger-Congo	Tanzania, United Republic of	7957	27
zam-zamNT.txt	zam	Zapotec, Miahuatlán	Otomanguean	Mexico	7956	27
zao-zaoNT.txt	zao	Zapotec, Ozolotepec	Otomanguean	Mexico	7957	27
zap-zapNT.txt	zap				7956	27
zar-zarNT.txt	zar	Zapotec, Rincón	Otomanguean	Mexico	10416	28
zas-zasNT.txt	zas	Zapotec, Santo Domingo Albarradas	Otomanguean	Mexico	7956	27
zat-zatNTps.txt	zat	Zapotec, Tabaa	Otomanguean	Mexico	10416	28
zav-zavNT.txt	zav	Zapotec, Yatzachi	Otomanguean	Mexico	7956	27
zaw-zawNT.txt	zaw	Zapotec, Mitla	Otomanguean	Mexico	7956	27
zca-zcaNT.txt	zca	Zapotec, Coatecas Altas	Otomanguean	Mexico	7956	27
zga-zgam.txt	zga	Kinga	Niger-Congo	Tanzania, United Republic of	7909	26
zia-zia.txt	zia	Zia	Trans-New Guinea	Papua New Guinea	7957	27
ziw-ziw.txt	ziw	Zigula	Niger-Congo	Tanzania, United Republic of	7957	27
zlm-zlmKSZI.txt	zlm	Malay	Austronesian	Malaysia	7956	27
zos-zosNT.txt	zos	Zoque, Francisco León	Mixe-Zoquean	Mexico	7956	27
zpc-zpcNT.txt	zpc	Zapotec, Choapan	Otomanguean	Mexico	7956	27
zpl-zplNT.txt	zpl	Zapotec, Lachixío	Otomanguean	Mexico	7956	27
zpm-zpmNT.txt	zpm	Zapotec, Mixtepec	Otomanguean	Mexico	7957	27
zpo-zpoNT.txt	zpo	Zapotec, Amatlán	Otomanguean	Mexico	7956	27
zpq-zpqNT.txt	zpq	Zapotec, Zoogocho	Otomanguean	Mexico	7956	27
zpu-zpuNT.txt	zpu	Zapotec, Yalálag	Otomanguean	Mexico	7956	27
zpv-zpvNT.txt	zpv	Zapotec, Chichicapan	Otomanguean	Mexico	7956	27
zpz-zpzNTpp.txt	zpz	Zapotec, Texmelucan	Otomanguean	Mexico	7956	27
zsr-zsrNT.txt	zsr	Zapotec, Southern Rincon	Otomanguean	Mexico	7956	27
ztq-ztqNT.txt	ztq	Zapotec, Quioquitani-Quierí	Otomanguean	Mexico	7957	27
zty-ztyNTps.txt	zty	Zapotec, Yatee	Otomanguean	Mexico	10416	28
zyp-zypNT.txt	zyp	Chin, Zyphe	Sino-Tibetan	Myanmar	7953	27